Province,PDI_MinMax
Eastern Cape,0.3437640704735001
Free State,0.3595381700443558
Gauteng,0.40768087711335127
KwaZulu-Natal,0.3409374019158165
Limpopo,0.37113468139974215
Mpumalanga,0.3398210496297084
North West,0.3165765169770806
Northern Cape,0.32811591466233475
Western Cape,0.3820051679252945
