Province,PDI_MinMax
EC,0.3792136199363569
FS,0.35309671341972204
GT,0.37154880612958613
KZN,0.38717233900803383
LIM,0.4005591419744607
MP,0.4062433640363626
NC,0.3748443637785146
NW,0.3899486242319521
WC,0.3928667111324311
